[
  {
    "id": "20x102",
    "type": "AMMO",
    "name": "20x102mm",
    "description": "Armed forces typically use 20 mm caliber against large targets, such as vehicles, buildings, or aircraft. Though lethal against individual soldiers, 20mm ammunition is so large and heavy that its effects are inefficient against relatively small targets.",
    "weight": 456,
    "volume": 4,
    "price": 130000,
    "material": [ "brass", "powder" ],
    "symbol": "=",
    "color": "dark_gray",
    "count": 10,
    "stack_size": 5,
    "ammo_type": "20mm",
    "casing": "20mm_casing",
    "range": 80,
    "damage": 246,
    "pierce": 65,
    "dispersion": 90,
    "recoil": 52500,
    "effects": [ "COOKOFF", "NEVER_MISFIRES" ]
  },
  {
    "id": "20x102_HEI",
    "copy-from": "20x102",
    "type": "AMMO",
    "name": "20x102mm High Explosive Incendiary",
    "description": "A High Explosive Incendiary variant of the anti-tank 20mm round. High Explosive rounds are designed for Damaging Medium-Armored Vehicles and light Tanks",
    "count": 10,
    "effects": [ "CUSTOM_EXPLOSION", "INCENDIARY" ],
    "explode_in_fire": true,
    "explosion": { "power": 30, "distance_factor": 0.2 },
    "proportional": { "dispersion": 1.5 },
    "relative": { "damage": 40, "pierce": -40 }
  }
]


