[
  {
    "id": "50AEfmj",
    "copy-from": "50_action_express",
    "type": "AMMO",
    "name": ".50 Action Express FMJ",
    "description": "A brass-jacketed variant of the .50 Action express round. This greatly increases penetration at the cost of reduced damage from expansion.",
    "relative": { "damage": -2, "pierce": 10 }
  },
  {
    "id": "50AE_P2",
    "copy-from": "50_action_express",
    "type": "AMMO",
    "name": ".50 Action Express +P+",
    "description": "Overpressure 50AE ammunition. The round's increased velocity results in superior accuracy, range and stopping power at the cost of higher recoil.",
    "relative": { "damage": 8, "pierce": 8, "dispersion": -50, "range": 4 },
    "proportional": { "recoil": 1.5 }
  },
  {
    "id": "50_action_express",
    "type": "AMMO",
    "name": ".50 Action express",
    "description": ".50 Action express ammunition with 300gr JHP bullets. The .50 Action express round is one of the most powerful handgun cartridges available. The principal uses of the .50 AE are medium/big game hunting. It is also well suited for defense against large predators, such as bears.",
    "weight": 16,
    "volume": 1,
    "price": 3500,
    "material": [ "brass", "powder" ],
    "symbol": "=",
    "looks_like": "44magnum", 
    "color": "light_gray",
    "count": 10,
    "stack_size": 10,
    "ammo_type": "50AE",
    "casing": "50AE_casing",
    "range": 16,
    "damage": 48,
    "pierce": 6,
    "dispersion": 50,
    "recoil": 1870,
    "effects": [ "COOKOFF" ]
  },
  {
    "id": "reloaded_50AEfmj",
    "copy-from": "50AEfmj",
    "type": "AMMO",
    "name": "reloaded .50 Action Express FMJ",
    "proportional": { "price": 0.7, "damage": 0.9, "dispersion": 1.1 },
    "extend": { "effects": [ "RECYCLED" ] },
    "delete": { "effects": [ "NEVER_MISFIRES" ] }
  },
  {
    "id": "reloaded_50_action_express",
    "copy-from": "50_action_express",
    "type": "AMMO",
    "name": "reloaded .50 Action Express",
    "proportional": { "price": 0.7, "damage": 0.9, "dispersion": 1.1 },
    "extend": { "effects": [ "RECYCLED" ] },
    "delete": { "effects": [ "NEVER_MISFIRES" ] }
  },
  {
    "id": "bp_50AE",
    "copy-from": "50_action_express",
    "type": "AMMO",
    "name": "blackpowder .50 Action Express",
    "description": "This .50 AE cartridge is loaded with 45gr of blackpowder and a 250gr cast lead semi-wadcutter.",
    "proportional": { "price": 0.6, "dispersion": 1.2 },
    "pierce": 0,
    "extend": { "effects": [ "RECYCLED", "MUZZLE_SMOKE" ] },
    "delete": { "effects": [ "NEVER_MISFIRES" ] }
  }
]