[ 
  {
    "id": "deaglemag50",
    "type": "MAGAZINE",
    "looks_like": "deaglemag",
    "name": "Desert Eagle 50AE magazine",
    "description": "A standard 7-round steel box magazine for use with the IMI Desert Eagle.",
    "weight": 90,
    "volume": 1,
    "price": 8750,
    "material": "steel",
    "symbol": "#",
    "color": "dark_gray",
    "ammo_type": "50AE",
    "capacity": 7,
    "reliability": 8,
    "flags": [ "MAG_COMPACT" ]
  },
  {
    "id": "automagVbigmag",
    "type": "MAGAZINE",
    "name": "AutoMagV extended magazine",
    "description": "An extended 7-round magazine for use with the AutoMagV handgun.",
    "weight": 110,
    "volume": 2,
    "price": 5720,
    "material": "steel",
    "symbol": "#",
    "color": "gray",
    "ammo_type": "50AE",
    "capacity": 7,
    "reliability": 7,
    "flags": [ "MAG_COMPACT" ]
  },
  {
    "id": "automagVmag",
    "type": "MAGAZINE",
    "name": "AutoMagV magazine",
    "description": "A factory standard 5-round magazine for use with the AutoMagV handgun.",
    "weight": 80,
    "volume": 1,
    "price": 3580,
    "material": "steel",
    "symbol": "#",
    "color": "gray",
    "ammo_type": "50AE",
    "capacity": 5,
    "reliability": 8,
    "flags": [ "MAG_COMPACT" ]
  }
]