[
  {
    "type": "item_group",
    "id": "ammo_pistol_obscure",
    "//": "Imported or otherwise very obscure pistol ammo.",
    "items": [
      [ "50_action_express", 40 ],
      [ "50AEfmj", 30 ],
      [ "50AE_P2", 20 ]
    ]
  },
  {
    "type": "item_group",
    "id": "ammo_pistol_reloaded",
    "//": "Reloaded pistol ammo balanced according to rarity.",
    "items": [
      [ "reloaded_50_action_express", 40 ],
      [ "reloaded_50AEfmj", 30 ]
    ]
  },
  {
    "type": "item_group",
    "id": "ammo_rifle_milspec",
    "//": "Military specification rifle ammo found at military sites.",
    "items": [
      [ "20x102", 10 ],
      [ "20x102_HEI", 5 ]
    ]
  }
]