[
  {
    "type": "item_group",
    "id": "guns_pistol_obscure",
    "//": "Imported or otherwise very obscure pistols.",
    "items": [
      { "item": "deagle_50", "prob": 60, "charges-min": 0, "charges-max": 6 },
      { "item": "automagv", "prob": 40, "charges-min": 0, "charges-max": 4 }
    ]
  },
  {
    "type": "item_group",
    "id": "guns_rifle_milspec",
    "//": "Military specification rifles only ever found at military sites.",
    "items": [
      { "item": "20mm_rifle", "prob": 10, "charges-min": 0, "charges-max": 3 },
      { "item": "m107a1", "prob": 30, "charges-min": 0, "charges-max": 10 }
    ]
  }
]
