[
  {
    "id": "50AE_casing",
    "copy-from": "casing",
    "type": "GENERIC",
    "looks_like": "44_casing", 
    "name": ".50AE casing",
    "description": "An empty casing from a .50 Action Express round.",
    "weight": 4,
    "volume": "6ml"
  },
  {
    "id": "20mm_casing",
    "copy-from": "casing",
    "type": "GENERIC",
    "looks_like": "50_casing", 
    "name": "20mm casing",
    "description": "An empty casing from a 20mm round.",
    "weight": 30,
    "volume": "20ml"
  }
]