[
  {
    "id": "Ninja-to",
    "type": "TOOL",
    "category": "weapons",
    "name": "Snake eye's Ninja-to",
    "looks_like": "katana", 
    "description": "Snake eye's Ninja-to, incredibly hard and sharp but Still nearly Unbreakable, capable of cutting bullets in Half (if you are that fast so)",
    "weight": 933,
    "volume": 7,
    "price": 100000,
    "to_hit": 3,
    "bashing": 4,
    "cutting": 78,
    "material": "superalloy",
    "symbol": "/",
    "color": "light_gray",
    "techniques": [ "RAPID", "WBLOCK_2", "WIDE", "IMPALE" ],
    "qualities": [ [ "CUT", 1 ], [ "BUTCHER", 20 ] ],
    "flags": [ "DURABLE_MELEE", "SHEATH_SWORD" ]
  }
]