[
  {
    "id": "20mm_rifle",
    "copy-from": "rifle_manual",
    "type": "GUN",
    "name": "Anzio 20mm Rifle",
    "name_plural": "Anzio 20mm Rifle", 
    "looks_like": "m107a1", 
    "description": "The Anzio 20mm rifle is an American anti-material rifle, capable of making nearly four times the energy of the .50 BMG cartridge. But this powerful rifle is nearly unable for combat and transport because is too heavy and large. they need to be dismounted for carrying",
    "weight": 32504,
    "volume": 30,
    "price": 4185000,
    "to_hit": -3,
    "bashing": 19,
    "material": "hardsteel",
    "ammo": "20mm",
    "range": 140,
    "ranged_damage": 4,
    "dispersion": 270,
    "durability": 8,
    "barrel_length": 15,
    "default_mods": [ "bipod", "rifle_scope", "muzzle_brake" ],
    "clip_size": 3,
    "flags": [ "NEVER_JAMS", "RELOAD_ONE", "MOUNTED_GUN" ]
  }
]