[
  {
    "id": "deagle_50",
    "type": "GUN",
    "reload_noise_volume": 10,
    "name": "Desert Eagle .50AE",
    "name_plural": "Desert Eagle .50AE",
    "looks_like": "deagle_44", 
    "description": "One of the most recognizable handguns due to its popularity in movies and video games, the Desert Eagle is better known for its menacing appearance than its performance.  It's a large pistol, but its heavy weight reduces recoil.",
    "weight": 2100,
    "volume": 3,
    "price": 99500,
    "to_hit": -2,
    "bashing": 12,
    "material": [ "steel", "plastic" ],
    "symbol": "(",
    "color": "dark_gray",
    "ammo": "50AE",
    "skill": "pistol",
    "ranged_damage": 5,
    "dispersion": 500,
    "durability": 7,
    "valid_mod_locations": [
      [ "accessories", 2 ],
      [ "barrel", 1 ],
      [ "bore", 1 ],
      [ "brass catcher", 1 ],
      [ "grip", 1 ],
      [ "mechanism", 4 ],
      [ "muzzle", 1 ],
      [ "rail", 1 ],
      [ "sights", 1 ],
      [ "stock", 1 ],
      [ "underbarrel", 1 ]
    ],
    "magazine_well": 1,
    "magazines": [ [ "50AE", [ "deaglemag50" ] ] ]
  },
  {
    "id": "automagv",
    "looks_like": "m1911",
    "type": "GUN",
    "name": "AMT AutoMagV",
    "description": "The M1911 was the US Military standard-issue sidearm for most of the 20th Century.  It remains one of the most popular .45 pistols today.",
    "weight": 1635,
    "volume": 3,
    "price": 19750,
    "to_hit": -2,
    "bashing": 12,
    "material": [ "steel", "plastic" ],
    "symbol": "(",
    "color": "gray",
    "ammo": "50AE",
    "skill": "pistol",
    "dispersion": 600,
    "durability": 7,
    "valid_mod_locations": [
      [ "accessories", 2 ],
      [ "barrel", 1 ],
      [ "bore", 1 ],
      [ "brass catcher", 1 ],
      [ "grip", 1 ],
      [ "mechanism", 4 ],
      [ "muzzle", 1 ],
      [ "rail", 1 ],
      [ "sights", 1 ],
      [ "stock", 1 ],
      [ "underbarrel", 1 ]
    ],
    "magazine_well": 1,
    "magazines": [ [ "50AE", [ "automagVmag", "automagVbigmag" ] ] ]
  }
]